<?xml version="1.0"?>
<doc>
    <assembly>
        <name>Serilog.Sinks.AzureTableStorage</name>
    </assembly>
    <members>
        <member name="T:Serilog.LoggerConfigurationAzureTableStorageExtensions">
            <summary>
            Adds the WriteTo.AzureTableStorage() extension method to <see cref="T:Serilog.LoggerConfiguration"/>.
            </summary>
        </member>
        <member name="M:Serilog.LoggerConfigurationAzureTableStorageExtensions.AzureTableStorage(Serilog.Configuration.LoggerSinkConfiguration,Microsoft.WindowsAzure.Storage.CloudStorageAccount,Serilog.Events.LogEventLevel,System.IFormatProvider,System.String)">
            <summary>
            Adds a sink that writes log events as records in the 'LogEventEntity' Azure Table Storage table in the given storage account.
            </summary>
            <param name="loggerConfiguration">The logger configuration.</param>
            <param name="storageAccount">The Cloud Storage Account to use to insert the log entries to.</param>
            <param name="restrictedToMinimumLevel">The minimum log event level required in order to write an event to the sink.</param>
            <param name="formatProvider">Supplies culture-specific formatting information, or null.</param>
            <param name="storageTableName">Table name that log entries will be written to. Note: Optional, setting this may impact performance</param>
            <returns>Logger configuration, allowing configuration to continue.</returns>
            <exception cref="T:System.ArgumentNullException">A required parameter is null.</exception>
        </member>
        <member name="M:Serilog.LoggerConfigurationAzureTableStorageExtensions.AzureTableStorage(Serilog.Configuration.LoggerSinkConfiguration,System.String,Serilog.Events.LogEventLevel,System.IFormatProvider,System.String)">
            <summary>
            Adds a sink that writes log events as records in the 'LogEventEntity' Azure Table Storage table in the given storage account.
            </summary>
            <param name="loggerConfiguration">The logger configuration.</param>
            <param name="connectionString">The Cloud Storage Account connection string to use to insert the log entries to.</param>
            <param name="restrictedToMinimumLevel">The minimum log event level required in order to write an event to the sink.</param>
            <param name="formatProvider">Supplies culture-specific formatting information, or null.</param>
            <param name="storageTableName">Table name that log entries will be written to. Note: Optional, setting this may impact performance</param>
            <returns>Logger configuration, allowing configuration to continue.</returns>
            <exception cref="T:System.ArgumentNullException">A required parameter is null.</exception>
        </member>
        <member name="T:Serilog.Sinks.AzureTableStorage.AzureTableStorageSink">
            <summary>
            Writes log events as records to an Azure Table Storage table.
            </summary>
        </member>
        <member name="M:Serilog.Sinks.AzureTableStorage.AzureTableStorageSink.#ctor(Microsoft.WindowsAzure.Storage.CloudStorageAccount,System.IFormatProvider,System.String)">
            <summary>
            Construct a sink that saves logs to the specified storage account.
            </summary>
            <param name="storageAccount">The Cloud Storage Account to use to insert the log entries to.</param>
            <param name="formatProvider">Supplies culture-specific formatting information, or null.</param>
            <param name="storageTableName">Table name that log entries will be written to. Note: Optional, setting this may impact performance</param>
        </member>
        <member name="M:Serilog.Sinks.AzureTableStorage.AzureTableStorageSink.Emit(Serilog.Events.LogEvent)">
            <summary>
            Emit the provided log event to the sink.
            </summary>
            <param name="logEvent">The log event to write.</param>
        </member>
        <member name="T:Serilog.Sinks.AzureTableStorage.LogEventEntity">
            <summary>
            Represents a single log event for the Serilog Azure Table Storage Sink.
            </summary>
            <remarks>
            The PartitionKey is set to "0" followed by the ticks of the log event time (in UTC) as per what Azure Diagnostics logging has.
            The RowKey is set to "{Level}|{MessageTemplate}" to allow you to search for certain categories of log messages or indeed for a
                specific log message quickly using the indexing in Azure Table Storage.
            </remarks>
        </member>
        <member name="M:Serilog.Sinks.AzureTableStorage.LogEventEntity.#ctor">
            <summary>
            Default constructor for the Storage Client library to re-hydrate entities when querying.
            </summary>
        </member>
        <member name="M:Serilog.Sinks.AzureTableStorage.LogEventEntity.#ctor(Serilog.Events.LogEvent,System.IFormatProvider)">
            <summary>
            Create a log event entity from a Serilog <see cref="T:Serilog.Events.LogEvent"/>.
            </summary>
            <param name="log">The event to log</param>
            <param name="formatProvider">Supplies culture-specific formatting information, or null.</param>
        </member>
        <member name="P:Serilog.Sinks.AzureTableStorage.LogEventEntity.MessageTemplate">
            <summary>
            The template that was used for the log message.
            </summary>
        </member>
        <member name="P:Serilog.Sinks.AzureTableStorage.LogEventEntity.Level">
            <summary>
            The level of the log.
            </summary>
        </member>
        <member name="P:Serilog.Sinks.AzureTableStorage.LogEventEntity.Exception">
            <summary>
            A string representation of the exception that was attached to the log (if any).
            </summary>
        </member>
        <member name="P:Serilog.Sinks.AzureTableStorage.LogEventEntity.RenderedMessage">
            <summary>
            The rendered log message.
            </summary>
        </member>
        <member name="P:Serilog.Sinks.AzureTableStorage.LogEventEntity.Data">
            <summary>
            A JSON-serialised representation of the data attached to the log message.
            </summary>
        </member>
    </members>
</doc>
